platform,category,bucket_month,window_days,n_reviews,n_urls,reliability_flag,V,R,M,Diversity,Q,NS,dNS,CT_shift,rz_V,rz_R,rz_M,rz_Diversity,rz_Q,rz_NS,rz_dNS,rz_CT,rem_score_raw,rem_score
coupang,Appliances,2022-01-01,30,9,6,low_conf,2.302585092994046,0.5825433761958884,-0.5596157879354227,0.7901234567901234,4.271827586206897,0.2727272727272727,-0.175,0.5,1.4041094487613692,1.734364208444522,1.457319421818483,1.812665288783674,1.4264269457511871,2.6130188185935266,-1.5259709404961712,0.9059005802458044,0.957722726677301,65.96
coupang,Appliances,2022-02-01,30,21,8,low_conf,3.091042453358316,0.7236820292293691,0.6286086594223743,0.7256235827664399,4.460560975609757,0.1304347826086956,0.0763888888888889,0.3571428571428571,0.901638505586618,-2.2063484629321035,-1.5691156083853477,2.696978855389017,-0.1657991689791533,0.0827951019465096,0.6205183473270982,-0.0731511237054784,-0.1901652199110733,46.83
coupang,Appliances,2022-03-01,30,16,8,low_conf,2.833213344056216,0.549926560420275,-0.9555114450274363,0.8046875,4.4967500000000005,0.1666666666666666,-0.0476190476190476,0.5,1.0659487679311523,2.645053778341622,2.4656747772339638,1.6129876740585471,-0.4711034391089332,0.7270650297964445,-0.4383260132802762,0.2773436799034459,0.8623356324779083,64.37
coupang,Appliances,2022-04-01,30,13,9,low_conf,2.6390573296152584,0.5810653085556237,-0.6931471805599456,0.8047337278106509,4.36009090909091,0.2,0.409090909090909,0.2777777777777778,1.1896812113116373,1.7756331291402658,1.7974269538334915,1.6123538762297631,0.6818042368948205,1.319793363418385,3.461301508258446,0.6541826457769372,1.711521589089961,78.53
coupang,Appliances,2022-05-01,30,15,8,low_conf,2.772588722239781,0.670237845009959,0.3566749439387326,0.8622222222222222,4.510942857142857,0.1176470588235294,-0.1590909090909091,0.3888888888888889,1.1045838450260546,-0.7141408398732672,-0.8764941728785953,0.8241685301126375,-0.5908397393841144,-0.1445942843534673,-1.390130834888069,0.6619645272790414,-0.3657827359799611,43.9
coupang,Appliances,2022-06-01,30,11,9,low_conf,2.4849066497880004,0.661743137812275,0.4700036292457354,0.859504132231405,4.415580645161291,0.1538461538461538,0.0555555555555555,0.25,1.2879189111259255,-0.4769613034807347,-1.1651449441219688,0.8614343990855178,0.2136718775370195,0.4990925937880063,0.4426324947450592,2.332337150758917,0.405481916892279,56.76
coupang,Appliances,2022-07-01,30,11,5,low_conf,2.4849066497880004,0.649963113912871,0.810930216216329,0.743801652892562,4.222032258064517,0.3076923076923077,-0.1,0.375,1.2879189111259255,-0.1480528970891218,-2.033492812094209,2.4477517945527363,1.846519130344061,3.2347618258892687,-0.8855818712008315,1.4266421113305383,0.4333569244177337,57.22
coupang,Appliances,2022-08-01,30,12,7,low_conf,2.5649493574615367,0.6566671623802,0.5877866649021193,0.8194444444444444,4.52759375,0.1428571428571428,-0.2333333333333333,0.75,1.2369090064173167,-0.3352357005020133,-1.4651410482813112,1.4106653227145454,-0.7313129567867293,0.3036876486379158,-2.0240513277258803,1.5606189142155245,-0.3727921033700989,43.79
coupang,Appliances,2022-09-01,30,22,13,low_conf,3.1354942159291497,0.7088640092911546,0.5108256237659905,0.8512396694214877,4.52102380952381,0.125,-0.075,0.2142857142857142,0.8733101264153872,-1.7926165923198665,-1.2691195042260053,0.974742784476033,-0.6758864589555232,-0.0138453872309805,-0.6721188481023846,-0.1619978396120809,-0.5077791890429403,41.54
coupang,Appliances,2022-10-01,30,19,12,low_conf,2.995732273553991,0.5969020802399336,-0.485507815781701,0.8919667590027701,4.253410256410256,0.2857142857142857,0.0476190476190476,0.261904761904762,0.9623781198611412,1.3334568329327736,1.268564710162683,0.4163615722607225,1.581802491957368,2.843951935589088,0.3748664556661872,-0.2058273448929877,1.0511107948196454,67.52
coupang,Appliances,2022-11-01,30,30,14,low_conf,3.4339872044851463,0.5974997635622916,-0.2513144282809061,0.7777777777777777,4.63766,0.0625,-0.0385964912280701,0.2760180995475113,0.6830854408071653,1.3167690001437795,0.6720687591236608,1.9819284323917288,-1.6598733888063075,-1.1252110127721182,-0.361286726748506,0.6242131123304031,0.0648851115305104,51.08
coupang,Appliances,2022-12-01,30,26,16,low_conf,3.295836866004329,0.6508341336561225,-0.4353180712578455,0.9171597633136096,4.388760869565218,0.1428571428571428,0.1388888888888889,0.5750000000000001,0.7711263855252114,-0.1723725180113673,1.1407302750761623,0.0709575566274241,0.4399336282022594,0.3036876486379158,1.154175905073215,1.7731160761057314,0.9061901093642816,65.1
coupang,Appliances,2023-01-01,30,21,15,low_conf,3.091042453358316,0.7166160616624276,0.6286086594223743,0.9206349206349208,4.38739024390244,0.1739130434782608,-0.2083333333333333,0.4285714285714285,0.901638505586618,-2.0090605667526136,-1.5691156083853477,0.023312056355672,0.4514967436674122,0.8559190153664316,-1.8105883046274336,1.059109603808214,-0.4203672929469078,42.99
coupang,Appliances,2023-02-01,30,28,15,low_conf,3.367295829986474,0.6982892683937374,0.4054651081081641,0.9107142857142856,4.205895833333334,0.2,-0.2793522267206478,0.3155080213903743,0.7255867598772116,-1.497360724736299,-1.0007638445724485,0.159327082469288,1.9826521004383335,1.319793363418385,-2.416984611809931,0.2494699417339855,-0.3060351159633094,44.9
coupang,Appliances,2023-03-01,30,44,17,low_conf,3.80666248977032,0.6156242278392229,-0.4418327522790393,0.8481404958677686,4.451296875000001,0.108695652173913,0.1415607985480943,0.3594771241830065,0.4455855942604269,0.8107183577228612,1.1573233176591415,1.0172334289974765,-0.0876437192889178,-0.3037668547634513,1.1769900616052127,0.6198960161358684,0.6628800593561226,61.05
coupang,Appliances,2023-04-01,30,38,17,low_conf,3.6635616461296463,0.6044991713376805,-0.5108256237659905,0.8781163434903048,4.256603448275862,0.175,0.2980769230769231,0.2797619047619047,0.5367814147167314,1.121339510632753,1.3330497501246283,0.6062551267240516,1.5548635200359282,0.8752471132019295,2.5134062658282814,-0.0242466170468885,1.204566776201701,70.08
coupang,Appliances,2023-05-01,30,40,18,low_conf,3.713572066704308,0.6389704086535575,-0.1910552367627094,0.91375,4.281383333333334,0.1666666666666666,0.125,0.3484848484848484,0.5049105939749393,0.1588728952224223,0.5185872106603536,0.1177064844785223,1.3458110559575938,0.7270650297964445,1.035585336685189,-0.1401064621309181,0.5897929101191117,59.83
coupang,Appliances,2023-06-01,30,38,21,low_conf,3.6635616461296463,0.6264209067662436,-0.2006706954621515,0.9265927977839336,4.429017241379311,0.125,-0.068649885583524,0.2296918767507002,0.5367814147167314,0.5092657893296884,0.5430780053954557,-0.058372313897601,0.1003156798917145,-0.0138453872309805,-0.617898263287905,-0.8086920441263499,-0.0542364367727467,49.1
coupang,Appliances,2023-07-01,30,42,22,low_conf,3.7612001156935615,0.6344558658436087,0.0,0.8832199546485261,4.643274193548388,0.0681818181818181,0.0,0.5238095238095238,0.4745580195679385,0.284922816163762,0.0319651229493115,0.5362830119841632,-1.707236844786068,-1.0241777740865603,-0.0317297788070444,1.0186652857641123,-0.0739244248264003,48.77
coupang,Appliances,2023-08-01,30,54,25,low_conf,4.007333185232471,0.6087624552625975,-0.2876820724517808,0.934156378600823,4.363283783783785,0.1071428571428571,0.069090909090909,0.2089761570827489,0.3177014515214763,1.002304954021167,0.7646979863117299,-0.1620713866436239,0.6548679407622614,-0.3313784230998771,0.5582043941195718,0.4307964167224349,0.4469672352275711,57.45
coupang,Appliances,2023-09-01,30,47,28,low_conf,3.871201010907891,0.6724277915378297,0.204794412646013,0.9506564056133996,4.371388059701493,0.1020408163265306,-0.0232919254658385,0.3003663003663004,0.4044562533254688,-0.7752860318283746,-0.4896509621263051,-0.3882919484267137,0.5864972099764544,-0.4221021476338474,-0.2306083717559079,0.390036256818996,-0.121576004179756,47.97
coupang,Appliances,2023-10-01,30,60,25,low_conf,4.110873864173311,0.6686236202263609,0.2595111954850844,0.9183333333333332,4.6860375,0.0483870967741935,-0.0158730158730158,0.1877828054298642,0.2517166751471118,-0.6690702945445816,-0.629015868051656,0.0548675424140315,-2.0680042399984497,-1.376164541120117,-0.1672618569647884,0.1876388127988206,-0.5590892940375167,40.68
coupang,Appliances,2023-11-01,30,48,26,low_conf,3.8918202981106265,0.6214234641709195,-0.1603426500751794,0.9314236111111112,4.704161764705883,0.02,0.0059523809523809,0.534965034965035,0.391315919796763,0.6487986879127523,0.4403615451086975,-0.1246042845428839,-2.2209073784748794,-1.880939638140092,0.0190947505021094,0.6851575369798163,-0.209849567769204,46.5
coupang,Appliances,2023-12-01,30,64,32,low_conf,4.174387269895637,0.6321847683641493,-0.060624621816435,0.9541015625,4.498607142857144,0.106060606060606,-0.0519480519480519,0.1964809384164222,0.2112406234519468,0.348333812534219,0.1863774307974685,-0.4355261332994748,-0.4867709972727753,-0.3506228495161737,-0.4752893073232972,-0.3060184489797752,-0.1804038438892923,46.99
coupang,Appliances,2024-01-01,30,74,35,low_conf,4.31748811353631,0.6296618521948637,-0.2646925542270821,0.9565376186997808,4.254074468085107,0.1447368421052631,0.0401069518716577,0.2529761904761904,0.1200448029956424,0.4187758034661161,0.7061431539840067,-0.468925230260319,1.5761989515464638,0.3371121787293789,0.3107242689444744,-0.3796284426787253,0.3775445202507453,56.29
coupang,Appliances,2024-02-01,30,79,41,low_conf,4.382026634673881,0.6612872046582176,0.3237870770938968,0.9649094696362762,4.412959595959596,0.1358024691358024,0.1017857142857142,0.2700922266139657,0.0789154620606845,-0.4642312573957072,-0.7927280186732872,-0.5837059406539876,0.2357840379773925,0.1782424986650184,0.8373696723794884,-0.3673029821348697,-0.0620512292680099,48.97
coupang,Appliances,2024-03-01,30,99,36,low_conf,4.605170185988092,0.6222074904552517,-0.3398678256223513,0.9486787062544638,4.410781512605041,0.1089108910891089,0.0395348837209302,0.1799831791421362,-0.0632902631042293,0.6269079992392026,0.8976163013861104,-0.361177067967699,0.2541591713237207,-0.299939508657412,0.3058396530695688,-0.5346440829557291,0.1746290257535815,52.91
coupang,Appliances,2024-04-01,30,87,40,low_conf,4.477336814478207,0.6625146335245299,0.11247798342669,0.945435328312855,4.42881308411215,0.1011235955056179,0.0319767441860465,0.2513255567338282,0.0181758477861612,-0.4985021277967661,-0.2545188910146912,-0.3167093359169354,0.1020380276613088,-0.4384120306961343,0.2413043205049222,-0.1872582271571186,-0.129992923080305,47.83
coupang,Appliances,2024-05-01,30,121,48,ok,4.804021044733257,0.6249615911654498,-0.2121745199436358,0.9615463424629463,4.5169007092198585,0.089430894308943,0.0525362318840579,0.2133775566611387,-0.1900146537531166,0.5500111369434396,0.5723785112632639,-0.537596408959359,-0.6411024284330203,-0.6463298895714654,0.4168519363998362,-0.1451717647017028,0.0277653895802883,50.46
coupang,Appliances,2024-06-01,30,89,45,low_conf,4.499809670330265,0.6774594175515358,0.2876820724517812,0.960232293902285,4.356724770642202,0.1318681318681318,0.025943396226415,0.1940144478844169,0.0038542653601984,-0.9157733608744884,-0.700767740413108,-0.5195803897506326,0.7102022514739438,0.1082827034878259,0.1897884527102114,-0.1941866196357928,-0.136522543868557,47.72
coupang,Appliances,2024-07-01,30,97,47,low_conf,4.584967478670572,0.6336813161611813,-0.2231435513142101,0.9716229142310554,4.417803418803419,0.1111111111111111,0.0662698412698412,0.0813953488372093,-0.0504154091034656,0.3065489099555765,0.600316886762211,-0.6757493783146044,0.1949197200553575,-0.2608155262401223,0.5341166475015364,-0.9576255759954648,0.0559804774971111,50.93
coupang,Appliances,2024-08-01,30,124,57,ok,4.8283137373023015,0.6575379487513137,0.127155175485246,0.972684703433923,4.513076388888889,0.0873015873015873,0.0509803921568627,0.1588296760710554,-0.2054959882691427,-0.3595488054733059,-0.291902037178547,-0.6903068423590475,-0.6088390185439184,-0.684192907398651,0.403567366334886,-0.7487012409436813,-0.3255929634377868,44.57
coupang,Appliances,2024-09-01,30,109,55,ok,4.700480365792417,0.6478891534145889,-0.0540672212702757,0.9724770642201837,4.324674418604651,0.1351351351351351,-0.0987460815047021,0.2109164420485175,-0.1240298773787521,-0.0901461349098329,0.1696755806006442,-0.687460043408686,0.9805911194000152,0.1663760655594744,-0.8748752618918182,-0.5480670387104275,-0.1468149497427999,47.55
coupang,Appliances,2024-10-01,30,182,68,ok,5.209486152841421,0.6659405067507905,0.1962799090446614,0.9622026325323028,4.647935643564357,0.0597826086956521,-0.034313725490196,0.1351219512195122,-0.4484109165534738,-0.5941554569386611,-0.4679643253791588,-0.5465943523002582,-1.7465625966915412,-1.1735312573608634,-0.3247182418833438,0.126551626317138,-0.5799841502816245,40.33
coupang,Appliances,2024-11-01,30,150,68,ok,5.017279836814924,0.632138100529898,-0.1053605156578258,0.9776,4.422841176470588,0.1052631578947368,0.0766108574327752,0.1531467284720984,-0.3259209839928103,0.3496368186337308,0.3003207826028674,-0.7576971047907933,0.1524192947584389,-0.3648029531913399,0.6224136303835278,-0.3025059179582399,0.0709185136120416,51.18
coupang,Appliances,2024-12-01,30,194,76,ok,5.272999558563747,0.5795501323479086,-0.7239188392266991,0.9736422574131152,4.508799065420561,0.086734693877551,-0.0437246963562752,0.1372834120925724,-0.4888869682486388,1.817938152978736,1.8758030770765568,-0.7034352086911374,-0.5727539031916836,-0.6942733212357587,-0.4050740135379309,-0.3887889524754527,0.1568099099321968,52.61
coupang,Appliances,2025-01-01,30,204,86,ok,5.3230099791384085,0.6324944512032715,-0.1752040890250903,0.9826028450595924,4.441441964285715,0.1116504854368932,0.0588728458313926,0.2051729148503342,-0.5207577889904309,0.3396872011204949,0.478213972347726,-0.8262876846142155,-0.0045039725421013,-0.2512244528805438,0.4709572471760697,-0.2947089761925071,0.0622923680668529,51.04
coupang,Appliances,2025-02-01,30,341,109,ok,5.834810737062605,0.6730220843336849,0.1930168459107024,0.9832216785201364,4.5647728531855964,0.0699708454810495,-0.0666463166463166,0.1073338426279602,-0.8469200172597089,-0.7918791981991697,-0.4596532284341837,-0.8347720860632398,-1.044969905361952,-0.9923655589902328,-0.6007907479950079,-0.7292084900090916,-0.730040623766061,37.83
coupang,Appliances,2025-03-01,30,341,120,ok,5.834810737062605,0.6285351956246142,-0.1577607920513575,0.9870400151357488,4.437349030470914,0.0962099125364431,0.0155203895313451,0.0942952090833564,-0.8469200172597089,0.4502330246259254,0.4337854932662339,-0.8871226824351336,0.0300255620908926,-0.5257864042440994,0.1007913919540119,-0.6026154689038754,-0.1276594557009574,47.87
coupang,Appliances,2025-04-01,30,343,130,ok,5.840641657373398,0.639536759750598,0.0637897378753296,0.9881596953650263,4.412900826446281,0.1333333333333333,0.0548683160415004,0.0833163161119052,-0.8506359671327465,0.1430598851320813,-0.1305088083880773,-0.9024738506660428,0.2362798397756162,0.1343366961745045,0.4367644857745424,-0.6342872813148988,-0.0959761225481966,48.4
coupang,Appliances,2025-05-01,30,380,140,ok,5.942799375126701,0.6694824963181817,0.2313934507863519,0.9892520775623268,4.4722075,0.1099476439790576,-0.031280923584387,0.1005166217430368,-0.9157394050261628,-0.693050854266784,-0.5573993248002549,-0.9174507542897034,-0.2640536449818394,-0.2815041242723015,-0.2988225993524347,-0.7765885462344186,-0.5240027144500443,41.27
coupang,Appliances,2025-06-01,30,490,154,ok,6.19644412779452,0.6496826024350587,0.0976384695639156,0.990512286547272,4.389966666666666,0.1239837398373983,-0.0446890659656617,0.1034384863312236,-1.0773830455211209,-0.1402207751910959,-0.2167223074774967,-0.9347286159756916,0.4297610686987876,-0.0319163730121373,-0.4133083036260866,-0.7389913867719031,-0.3420644103977747,44.3
coupang,Appliances,2025-07-01,30,624,193,ok,6.437751649736401,0.6617477921894738,0.1987345864352843,0.9916687212360288,4.374041925465838,0.121405750798722,-0.0212321401136887,0.0771090337507652,-1.2311643712345124,-0.4770912576981679,-0.4742164452201112,-0.9505836994101996,0.5641081966262015,-0.0777577874218447,-0.2130208514277564,-0.8096976483528422,-0.3961006556839277,43.4
coupang,Appliances,2025-08-01,30,1013,218,ok,6.921658184151129,0.6608077881791731,0.2957327197289485,0.9911154985192496,4.558454017424976,0.0798029556650246,0.020069401079748,0.0996087524701982,-1.5395500683931485,-0.450845536664837,-0.7212729244207364,-0.942998841901448,-0.9916618216964964,-0.8175324504301875,0.139633222243285,-0.6707284961122678,-0.6396253748791437,39.34
coupang,Appliances,2025-09-01,30,1309,281,ok,7.177782416195197,0.6615021218056507,0.2313853562093131,0.9942905698983532,4.425043641835967,0.1151792524790236,-0.0053727791728976,0.0813660775545934,-1.7027738404252013,-0.4702319291322092,-0.5573787077261325,-0.9865300694888144,0.1338384655652555,-0.1884764466218838,-0.0776053661945288,-0.7787933843734487,-0.4796512121704461,42.01
coupang,Appliances,2025-10-01,30,2202,363,ok,7.697575346802343,0.6820049298994522,0.3990415077093852,0.995432688143303,4.449542304230423,0.1007259528130671,0.0048361721047951,0.0331933754008198,-2.034029349254587,-1.0426879779715046,-0.9844027864321908,-1.0021888699743136,-0.0728414979739577,-0.4454828534121121,0.0095639779015133,-0.7403701598079795,-0.6681379736967773,38.86
coupang,Appliances,2025-11-01,30,4473,486,ok,8.406038142050075,0.6767619571200951,0.3970921872975852,0.9965230936504588,4.56418495437347,0.0759776536312849,-0.0054810525878885,0.0308748037799008,-2.4855210681826514,-0.8962996653212923,-0.9794378224538104,-1.01713867255416,-1.0400101690670218,-0.8855533974319623,-0.078529861013935,-0.8574803362851326,-0.8896628517714793,35.17
coupang,Appliances,2025-12-01,30,6711,542,ok,8.811652248147043,0.6450710561858274,0.0736217950430866,0.9965787415341976,4.513725003714159,0.0929539699091315,-0.0011898677101615,0.0219989491403868,-2.74401228495735,-0.0114624347336855,-0.1555512844098709,-1.017901622548839,-0.6143109780443722,-0.5836830876797511,-0.0418894891469769,-0.8762493948256783,-0.5868706074338407,40.22
